CREATE DATABASE  IF NOT EXISTS `dbpizzeria` /*!40100 DEFAULT CHARACTER SET utf8mb4 COLLATE utf8mb4_0900_ai_ci */ /*!80016 DEFAULT ENCRYPTION='N' */;
USE `dbpizzeria`;
-- MySQL dump 10.13  Distrib 8.0.42, for Win64 (x86_64)
--
-- Host: localhost    Database: dbpizzeria
-- ------------------------------------------------------
-- Server version	8.0.42

/*!40101 SET @OLD_CHARACTER_SET_CLIENT=@@CHARACTER_SET_CLIENT */;
/*!40101 SET @OLD_CHARACTER_SET_RESULTS=@@CHARACTER_SET_RESULTS */;
/*!40101 SET @OLD_COLLATION_CONNECTION=@@COLLATION_CONNECTION */;
/*!50503 SET NAMES utf8 */;
/*!40103 SET @OLD_TIME_ZONE=@@TIME_ZONE */;
/*!40103 SET TIME_ZONE='+00:00' */;
/*!40014 SET @OLD_UNIQUE_CHECKS=@@UNIQUE_CHECKS, UNIQUE_CHECKS=0 */;
/*!40014 SET @OLD_FOREIGN_KEY_CHECKS=@@FOREIGN_KEY_CHECKS, FOREIGN_KEY_CHECKS=0 */;
/*!40101 SET @OLD_SQL_MODE=@@SQL_MODE, SQL_MODE='NO_AUTO_VALUE_ON_ZERO' */;
/*!40111 SET @OLD_SQL_NOTES=@@SQL_NOTES, SQL_NOTES=0 */;

--
-- Table structure for table `alembic_version`
--

DROP TABLE IF EXISTS `alembic_version`;
/*!40101 SET @saved_cs_client     = @@character_set_client */;
/*!50503 SET character_set_client = utf8mb4 */;
CREATE TABLE `alembic_version` (
  `version_num` varchar(32) NOT NULL,
  PRIMARY KEY (`version_num`)
) ENGINE=InnoDB DEFAULT CHARSET=utf8mb4 COLLATE=utf8mb4_0900_ai_ci;
/*!40101 SET character_set_client = @saved_cs_client */;

--
-- Dumping data for table `alembic_version`
--

LOCK TABLES `alembic_version` WRITE;
/*!40000 ALTER TABLE `alembic_version` DISABLE KEYS */;
INSERT INTO `alembic_version` VALUES ('c21ccbb75292');
/*!40000 ALTER TABLE `alembic_version` ENABLE KEYS */;
UNLOCK TABLES;

--
-- Table structure for table `clientes`
--

DROP TABLE IF EXISTS `clientes`;
/*!40101 SET @saved_cs_client     = @@character_set_client */;
/*!50503 SET character_set_client = utf8mb4 */;
CREATE TABLE `clientes` (
  `id_cliente` int NOT NULL AUTO_INCREMENT,
  `nombre` varchar(100) NOT NULL,
  `direccion` varchar(200) NOT NULL,
  `telefono` varchar(20) NOT NULL,
  PRIMARY KEY (`id_cliente`)
) ENGINE=InnoDB AUTO_INCREMENT=5 DEFAULT CHARSET=utf8mb4 COLLATE=utf8mb4_0900_ai_ci;
/*!40101 SET character_set_client = @saved_cs_client */;

--
-- Dumping data for table `clientes`
--

LOCK TABLES `clientes` WRITE;
/*!40000 ALTER TABLE `clientes` DISABLE KEYS */;
INSERT INTO `clientes` VALUES (1,'Eduardo','Colina de los Girasoles','8116542467'),(2,'Mario','Colina de los Girasoles','8116542124'),(3,'Eduardo','Colina de los Girasoles','8116542698'),(4,'Chuy','Villas del norte','4771234567');
/*!40000 ALTER TABLE `clientes` ENABLE KEYS */;
UNLOCK TABLES;

--
-- Table structure for table `detalle_pedido`
--

DROP TABLE IF EXISTS `detalle_pedido`;
/*!40101 SET @saved_cs_client     = @@character_set_client */;
/*!50503 SET character_set_client = utf8mb4 */;
CREATE TABLE `detalle_pedido` (
  `id_detalle` int NOT NULL AUTO_INCREMENT,
  `id_pedido` int NOT NULL,
  `id_pizza` int NOT NULL,
  `cantidad` int NOT NULL,
  `subtotal` decimal(10,2) NOT NULL,
  PRIMARY KEY (`id_detalle`),
  KEY `id_pedido` (`id_pedido`),
  KEY `id_pizza` (`id_pizza`),
  CONSTRAINT `detalle_pedido_ibfk_1` FOREIGN KEY (`id_pedido`) REFERENCES `pedidos` (`id_pedido`),
  CONSTRAINT `detalle_pedido_ibfk_2` FOREIGN KEY (`id_pizza`) REFERENCES `pizzas` (`id_pizza`)
) ENGINE=InnoDB AUTO_INCREMENT=10 DEFAULT CHARSET=utf8mb4 COLLATE=utf8mb4_0900_ai_ci;
/*!40101 SET character_set_client = @saved_cs_client */;

--
-- Dumping data for table `detalle_pedido`
--

LOCK TABLES `detalle_pedido` WRITE;
/*!40000 ALTER TABLE `detalle_pedido` DISABLE KEYS */;
INSERT INTO `detalle_pedido` VALUES (1,1,1,1,60.00),(2,2,2,2,200.00),(3,2,3,2,300.00),(4,3,4,2,260.00),(5,4,5,2,200.00),(6,5,6,2,120.00),(7,6,7,2,200.00),(8,6,8,1,50.00),(9,7,9,2,120.00);
/*!40000 ALTER TABLE `detalle_pedido` ENABLE KEYS */;
UNLOCK TABLES;

--
-- Table structure for table `pedidos`
--

DROP TABLE IF EXISTS `pedidos`;
/*!40101 SET @saved_cs_client     = @@character_set_client */;
/*!50503 SET character_set_client = utf8mb4 */;
CREATE TABLE `pedidos` (
  `id_pedido` int NOT NULL AUTO_INCREMENT,
  `id_cliente` int NOT NULL,
  `fecha` date DEFAULT NULL,
  `total` decimal(10,2) NOT NULL,
  PRIMARY KEY (`id_pedido`),
  KEY `id_cliente` (`id_cliente`),
  CONSTRAINT `pedidos_ibfk_1` FOREIGN KEY (`id_cliente`) REFERENCES `clientes` (`id_cliente`)
) ENGINE=InnoDB AUTO_INCREMENT=8 DEFAULT CHARSET=utf8mb4 COLLATE=utf8mb4_0900_ai_ci;
/*!40101 SET character_set_client = @saved_cs_client */;

--
-- Dumping data for table `pedidos`
--

LOCK TABLES `pedidos` WRITE;
/*!40000 ALTER TABLE `pedidos` DISABLE KEYS */;
INSERT INTO `pedidos` VALUES (1,1,'2026-03-13',60.00),(2,2,'2026-03-13',500.00),(3,1,'2026-03-13',260.00),(4,1,'2013-07-10',200.00),(5,3,'2024-06-17',120.00),(6,3,'2026-03-12',250.00),(7,4,'2026-03-14',120.00);
/*!40000 ALTER TABLE `pedidos` ENABLE KEYS */;
UNLOCK TABLES;

--
-- Table structure for table `pizzas`
--

DROP TABLE IF EXISTS `pizzas`;
/*!40101 SET @saved_cs_client     = @@character_set_client */;
/*!50503 SET character_set_client = utf8mb4 */;
CREATE TABLE `pizzas` (
  `id_pizza` int NOT NULL AUTO_INCREMENT,
  `tamano` varchar(20) NOT NULL,
  `ingredientes` varchar(200) DEFAULT NULL,
  `precio` decimal(8,2) NOT NULL,
  PRIMARY KEY (`id_pizza`)
) ENGINE=InnoDB AUTO_INCREMENT=10 DEFAULT CHARSET=utf8mb4 COLLATE=utf8mb4_0900_ai_ci;
/*!40101 SET character_set_client = @saved_cs_client */;

--
-- Dumping data for table `pizzas`
--

LOCK TABLES `pizzas` WRITE;
/*!40000 ALTER TABLE `pizzas` DISABLE KEYS */;
INSERT INTO `pizzas` VALUES (1,'Chica $40','Jamon, Piña',60.00),(2,'Mediana $80','Jamon, Piña',100.00),(3,'Grande $120','Jamon, Piña, Champiñones',150.00),(4,'Grande $120','Jamon',130.00),(5,'Mediana $80','Jamon, Piña',100.00),(6,'Chica $40','Piña, Champiñones',60.00),(7,'Mediana $80','Jamon, Piña',100.00),(8,'Chica $40','Jamon',50.00),(9,'Chica $40','Jamon, Champiñones',60.00);
/*!40000 ALTER TABLE `pizzas` ENABLE KEYS */;
UNLOCK TABLES;

--
-- Dumping events for database 'dbpizzeria'
--

--
-- Dumping routines for database 'dbpizzeria'
--
/*!40103 SET TIME_ZONE=@OLD_TIME_ZONE */;

/*!40101 SET SQL_MODE=@OLD_SQL_MODE */;
/*!40014 SET FOREIGN_KEY_CHECKS=@OLD_FOREIGN_KEY_CHECKS */;
/*!40014 SET UNIQUE_CHECKS=@OLD_UNIQUE_CHECKS */;
/*!40101 SET CHARACTER_SET_CLIENT=@OLD_CHARACTER_SET_CLIENT */;
/*!40101 SET CHARACTER_SET_RESULTS=@OLD_CHARACTER_SET_RESULTS */;
/*!40101 SET COLLATION_CONNECTION=@OLD_COLLATION_CONNECTION */;
/*!40111 SET SQL_NOTES=@OLD_SQL_NOTES */;

-- Dump completed on 2026-03-13 13:52:11
